User_Name,Openness,Conscientiousness,Extraversion,Agreeableness,Emotional range
BarackObama,0.814280844171748,0.8914178881394055,0.5501046253298647,0.652230105300224,0.5852133705566798
